int,string,string,string,string,string,string,string[],string,string,int,int,int,int,int,float,float,float,int,int,int[],int[],int[],int[],string,string[],int
id,name,info,icon,effect,hurtEff,hitSound,anims,actions,moveLoc,hitTime,hitPos,destiny,role,costPower,damage,shield,cure,attackType,targetType,enemyTargets,friendTargets,buffs,debuffs,conditions,realEffects,show
10101,ウォータースライサー,近接単体攻撃。<color=#FF8000>「コールドブレード」</c>と組み合わせると<color=#66FF00>10%</c>ダメージ増加。,icon_skill_10101,zs_water,zs_mz_01,hitSound:sound_kLight_01:1,zs_attack01,action01#eff:me:3:zs_sf_attack01|move:me:me:3:0:0:1200|over,move:me:enemy:3:300:0:1200,2,,1,1,1,0.9,0.15,0,1,1,1,0,,,comboCard,=,10103,damagePro:0.1,10001
10102,カームブレード,近接単体攻撃。<color=#FF8000>「コールドブレード」</c>と組み合わせると<color=#66FF00>10%</c>ダメージ増加。,icon_skill_10102,zs_water,zs_mz_01,hitSound:sound_kLight_01:1,zs_attack02,action01#eff:me:3:zs_sf_attack02|move:me:me:3:0:0:1200|over,move:me:enemy:3:300:0:1200,3,,1,1,2,0.91,0.4,0,1,1,1,0,,,comboCard,=,10103,damagePro:0.1,10001
10103,コールドブレード,攻撃力の<color=#66FF00>110%</c>のシールドを獲得。,icon_skill_10103,zs_water,zs_mz_01,hitSound:sound_kLight_01:1,zs_cast,action01#eff:me:3:zs_cast|over,,,,1,1,1,0,1.1,0,1,1,0,1,,,,,10001
10104,クリスタルブレード,遠距離単体攻撃。<color=#FF8000>「コールドブレード」</c>と組み合わせると<color=#66FF00>50%</c>ダメージ増加。,icon_skill_10104,zs_water,zs_mz_01,hitSound:sound_IceBroken:1,zs_attack03,action01#eff:me:3:zs_sf_attack03,soundEff:sound_powerrecover:1||action02#eff:enemy:3:zs_bx_attack03,soundEff:sound_nhz_Atk_04:1|wait:1000|over,,4,,1,1,3,1.35,0.25,0,0,1,1,0,,,comboCard,=,10103,damagePro:0.5,10001
10111,ブリザード,近接単体攻撃。自身のHPが50％以上の時、ダメージが<color=#66FF00>50%</c>増加。,icon_skill_10111,zs_chrisetmas,zs_mz_01,hitSound:sound_kLight_01:1,zs_attack01,action01#eff:me:3:zs_sf_attack01|move:me:me:3:0:0:1200|over,move:me:enemy:3:300:0:1200,2,,1,1,2,0.88,0.33,0,1,1,1,0,,,selfHpPercent,>,0.5,damagePro:0.5,10001
10112,クリスマススラッシュ,近接単体攻撃。敵に<color=#ff3535>\"スタン II\"</c>状態を付与。,icon_skill_10112,zs_chrisetmas,zs_mz_01,hitSound:sound_kLight_01:1,zs_attack02,action01#eff:me:3:zs_sf_attack02|move:me:me:3:0:0:1200|over,move:me:enemy:3:300:0:1200,2,,1,1,1,0.6,0.2,0,1,1,1,0,,22302,,,10001
10113,ハートオブスノー,攻撃力の50%のシールドを獲得。自身に<color=#FFFF66>\"ヒーリング III\"</c>状態を付与。,icon_skill_10113,zs_chrisetmas,zs_mz_01,hitSound:sound_kLight_01:1,zs_cast,action01#eff:me:3:zs_cast|over,,,,1,1,0,0,0.44,0,1,1,0,1,10903,,,,10001
10114,スノーマンストライク,全体攻撃。雪だるまを召喚し、敵チーム全体に<color=#ff3535>\"コールド III\"</c>状態を付与。,icon_skill_10114,zs_chrisetmas,zs_mz_01,hitSound:sound_IceBroken:1,zs_attack03,action01#effWar:me:zs_bx_attack03:enemy:3:-500:-50,soundEff:sound_nhz_Atk_03:1|wait:2500|over,,3,,1,1,3,1.36,0.28,0,0,0,7,0,,21903,enemyNum,<,2,damagePro:0.4,10001
10201,ファイアスラッシュ,近接単体攻撃。,icon_skill_10201,zs_fire,zs_mz_01,hitSound:sound_firebeat:1,zs_attack01,action01#eff:me:3:zs_sf_attack01|move:me:me:3:0:0:1200|over,move:me:enemy:3:300:0:1200,2,,2,1,1,1,0.05,0,1,1,1,0,,,,,10001
10202,インフェルノブレード,近接単体攻撃。<color=#66FF00>火属性</c>カードと組み合わせると<color=#FF8000>コンボ</c>で与えるダメージが30%増加。,icon_skill_10202,zs_fire,zs_mz_01,hitSound:sound_firebeat:1,zs_attack02,action01#eff:me:3:zs_sf_attack02|move:me:me:3:0:0:1200|over,move:me:enemy:3:300:0:1200,3,,2,1,2,1.16,0.15,0,1,1,1,0,,,comboDestiny,=,2,damagePro:0.3,10001
10203,フューリー,攻撃力の<color=#66FF00>110%</c>のシールドを獲得。,icon_skill_10203,zs_fire,zs_mz_01,hitSound:sound_firebeat:1,zs_cast,action01#eff:me:3:zs_cast,soundEff:sound_berserkerrage:1|over,,,,2,1,1,0,1.1,0,1,1,0,1,,,,,10001
10204,ワイルドファイア,全体攻撃。<color=#FF8000>「フューリー」</c>と組み合わせるとダメージが50%増加。,icon_skill_10204,zs_fire,zs_mz_01,hitSound:sound_firebeat:1,zs_attack03,action01#eff:me:3:zs_sf_attack03||action02#effWar:me:zs_bx_attack03:enemy:3:150:0,soundEff:sound_nhz_Atk_02:1,soundEff:sound_soufirefire:1|wait:2500|over,,4,,2,1,2,0.88,0,0,0,0,7,0,,,comboCard,=,10203,damagePro:0.5,10001
10301,サンダーカッター,近接単体攻撃。,icon_skill_10301,zs_thunder,zs_mz_01,hitSound:sound_lightningbeat:1,zs_attack01,action01#eff:me:3:zs_sf_attack01|move:me:me:3:0:0:1200|over,move:me:enemy:3:300:0:1200,2,,3,1,1,0.95,0.1,0,1,1,1,0,,,,,10001
10302,サンダーポルト,近接単体攻撃。<color=#66FF00>雷属性</c>カードと組み合わせると<color=#FF8000>コンボ</c>で与えるダメージが30%増加。,icon_skill_10302,zs_thunder,zs_mz_01,hitSound:sound_lightningbeat:1,zs_attack02,action01#eff:me:3:zs_sf_attack02|move:me:me:3:0:0:1200|over,move:me:enemy:3:300:0:1200,2,,3,1,2,1.11,0.2,0,1,1,1,0,,,comboDestiny,=,3,damagePro:0.3,10001
10303,トランジェント,攻撃力の<color=#66FF00>110%</c>のシールドを獲得。,icon_skill_10303,zs_thunder,zs_mz_01,hitSound:sound_lightningbeat:1,zs_cast,action01#eff:me:3:zs_cast,soundEff:sound_lightning:1|over,,,,3,1,1,0,1.1,0,1,1,0,1,,,,,10001
10304,サンダースラッシュ,遠距離単体攻撃。<color=#FF8000>「トランジェント」</c>と組み合わせると、クリティカル率が<color=#66FF00>50%</c>増加する,icon_skill_10304,zs_thunder,zs_mz_01,hitSound:sound_lightningbeat:1,zs_attack03,action01#eff:me:3:zs_sf_attack03,soundEff:sound_lightning:1||action02#eff:enemy:3:zs_bx_attack03,soundEff:sound_nhz_Atk_01:1|wait:1500|over,,2,,3,1,3,1.25,0.35,0,0,1,1,0,,,comboCard,=,10303,crit:0.5,10001
10401,ゲイルカッター,近接単体攻撃。<color=#FF8000>一番速い</c>敵を優先的に攻撃し、<color=#66FF00>10%</c>の追加ダメージを与える。,icon_skill_10401,zs_nature,zs_mz_01,hitSound:sound_throw:1,zs_attack01,action01#eff:me:3:zs_sf_attack01|move:me:me:3:0:0:1200|over,move:me:enemy:3:300:0:1200,2,,4,1,1,0.85,0.2,0,1,1,3,1,1,0,,,speedOrder,=,0,damagePro:0.1,10001
10402,ポイズンニードル,近接単体攻撃。,icon_skill_10402,zs_nature,zs_mz_01,hitSound:sound_throw:1,zs_attack02,action01#eff:me:3:zs_sf_attack02|move:me:me:3:0:0:1200|over,move:me:enemy:3:300:0:1200,4,,4,1,2,0.88,0.43,0,1,1,1,0,,,,,10001
10403,アジャイル,攻撃力の<color=#66FF00>110%</c>のシールドを獲得。,icon_skill_10403,zs_nature,zs_mz_01,hitSound:sound_throw:1,zs_cast,action01#eff:me:3:zs_cast,soundEff:sound_speed:1|over,,,,4,1,1,0,1.1,0,1,1,0,1,,,,,10001
10404,アースブレス,遠距離単体攻撃。<color=#66FF00>「アジャイル」</c>と組み合わせると、クリティカル率が<color=#66FF00>30%</c>、ダメージが<color=#66FF00>20%</c>増加。,icon_skill_10404,zs_nature,zs_mz_01,hitSound:sound_throw:1,zs_attack03,action01#eff:me:3:zs_sf_attack03||action02#effWar:me:zs_bx_attack03:enemy:3:0:0,soundEff:sound_nhz_Atk_05:1,soundEff:sound_wind:1|wait:2500|over,,3,,4,1,3,1.07,0.22,0,0,1,1,0,,,comboCard,=,10403,damagePro:0.2,crit:0.3,10001
10501,パニッシュ,近接単体攻撃。<color=#FF8000>「ブレイブブレス」</c>と組み合わせると、<color=#66FF00>20%</c>ダメージが増加。,icon_skill_10501,zs_light,zs_mz_02,hitSound:sound_bluntbeat:1,zs_attack01,action01#eff:me:3:zs_sf_attack01|move:me:me:3:0:0:1200|over,move:me:enemy:3:300:0:1200,2,,5,1,1,0.9,0.15,0,1,1,1,0,,,comboCard,=,10503,damagePro:0.2,10001
10502,ライトジャッジメント,近接単体攻撃。<color=#66FF00>闇属性</c>の敵を攻撃するとき、<color=#66FF00>20%</c>ダメージが増加。,icon_skill_10502,zs_light,zs_mz_02,hitSound:sound_bluntbeat:1,zs_attack02,action01#eff:me:3:zs_sf_attack02|move:me:me:3:0:0:1200|over,move:me:enemy:3:300:0:1200,3,,5,1,2,0.88,0.43,0,1,1,1,0,,,targetDestiny,=,6,deal:2,10001
10503,ブレイブブレス,攻撃力の<color=#66FF00>110%</c>のシールドを獲得。,icon_skill_10503,zs_light,zs_mz_01,hitSound:sound_bluntbeat:1,zs_cast,action01#eff:me:3:zs_cast,soundEff:sound_holylight:1|over,,,,5,1,1,0,1.6,0,1,1,0,3,1,3,,,,,10001
10504,ビクトリーソード,全体攻撃。<color=#66FF00>光属性</c>カードとの<color=#FF8000>コンボ</c>時に、ダメージが<color=#66FF00>10%</c>増加。,icon_skill_10504,zs_light,zs_mz_01,hitSound:sound_bluntbeat:1,zs_attack03,action01#eff:me:3:zs_sf_attack03,soundEff:sound_holylight:1||action02#effWar:me:zs_bx_attack03:enemy:3:0:-250,soundEff:sound_nhz_Atk_03:1|wait:2500|over,,4,,5,1,2,0.88,0,0,0,0,7,0,,,comboDestiny,=,5,damagePro:0.1,10001
10601,ダークカッター,近接単体攻撃。<color=#FF8000>闇属性</c>カードとの<color=#FF8000>コンボ</c>時に、ダメージが<color=#66FF00>30%</c>増加。,icon_skill_10601,zs_dark,zs_mz_01,hitSound:sound_kLight_01:1,zs_attack01,action01#eff:me:3:zs_sf_attack01|move:me:me:3:0:0:1200|over,move:me:enemy:3:300:0:1200,2,,6,1,1,1.05,0,0,1,1,1,0,,,comboDestiny,=,6,damagePro:0.3,10604
10602,ライフドレイン,近接単体攻撃。<color=#66FF00>「アンダーカレント」</c>と組み合わせるとダメージが<color=#66FF00>30%</c>増加。,icon_skill_10602,zs_dark,zs_mz_01,hitSound:sound_kLight_01:1,zs_attack02,action01#eff:me:3:zs_sf_attack02|move:me:me:3:0:0:1200|over,move:me:enemy:3:300:0:1200,2,,6,1,2,1.21,0.1,0,1,1,1,0,,,comboCard,=,10603,damagePro:0.3,10502
10603,アンダーカレント,攻撃力の<color=#66FF00>110%</c>のシールドを獲得。,icon_skill_10603,zs_dark,zs_mz_01,hitSound:sound_kLight_01:1,zs_cast,action02#eff:me:3:zs_cast|over,,,,6,1,1,0,1.1,0,1,1,0,1,,,,,10603
10604,ライフハーベスト,遠距離単体攻撃。<color=#FF8000>HPの一番低い</c>敵を優先的に攻撃。<color=#66FF00>「アンダーカレント」</c>と組み合わせると、ダメージが<color=#66FF00>50%</c>増加。,icon_skill_10604,zs_dark,zs_mz_01,hitSound:sound_kLight_01:1,zs_attack03,action01#eff:me:3:zs_sf_attack03,soundEff:sound_dark1:1||action02#eff:enemy:3:zs_bx_attack03,soundEff:sound_darkadd:1,soundEff:sound_nhz_Atk_01:1|wait:1500|over,,1,,6,1,3,1.5,0.1,0,0,1,3,1,2,0,,,comboCard,=,10603,damagePro:0.5,10503
20101,ウォーターボール,遠距離単体攻撃。火属性の敵を優先する。,icon_skill_20101,fs_water,attack01_bx,hitSound:sound_bluntbeat:1,fs_attack01,action01#eff:me:3:attack01_sf,soundEff:sound_waterm:1||action02#shoot:attack01_fx:meWar_4:enemyWar_2:1200,soundEff:sound_flying:1,soundEff:sound_loli_Atk_02:1|wait:600|over,,1,,1,2,2,0.95,0.18,0,0,1,2,1,2,0,,,,,10001
20102,トレント,遠距離単体攻撃。<color=#66FF00>水属性</c>カードとの<color=#FF8000>コンボ</c>時にダメージが<color=#66FF00>30%</c>増加。,icon_skill_20102,fs_water,fs_mz_01,hitSound:sound_Waterb:1,fs_attack02,action01#eff:me:3:attack02_sf,soundEff:sound_waterm:1|soundEff:sound_loli_Atk_02:1||action02#effWar:me:attack02_bx:enemy:3:100:0,soundEff:sound_wateratk:1|wait:600|over,,3,,1,2,3,1.2,0.1,0,0,1,1,0,,,comboDestiny,=,1,damagePro:0.3,10001
20103,ピュリファイ,<color=#FF8000>最もHPの低い</c>味方のHPを回復させる。,icon_skill_20103,fs_water,fs_mz_01,hitSound:sound_bluntbeat:1,fs_cast,action01#eff:me:3:fs_cast,soundEff:sound_wateradd:1|over,,,,1,2,1,0,0.1,0.8,0,1,0,3,1,2,,,,,10001
20104,トルネード,全体攻撃。<color=#66FF00>2枚</c>以上のカードを使用して<color=#FF8000>コンボ</c>を行なった時、<color=#66FF00>30%</c>の追加ダメージを与える。,icon_skill_20104,fs_water,fs_mz_01,hitSound:sound_Waterb:1,fs_attack03,action01#eff:me:3:attack03_sf,soundEff:sound_loli_Atk_02:1||action02#eff:enemy:2:attack03_bx,effWar:me:attack03_bx2:enemy:3:100:0,soundEff:sound_waterm:1|wait:1500|over,,4,,1,2,2,0.72,0,0,0,0,7,0,,,comboNum,>=,2,damagePro:0.3,10001
20201,ファイアボール,遠距離単体攻撃。雷属性の敵を優先的に攻撃。,icon_skill_20202,fs_fire,fs_mz_01,hitSound:sound_firebeat:1,fs_attack01,action01#eff:me:3:attack01_sf,soundEff:sound_berserkerrage:1||action02#shoot:attack01_fx:meWar_4:enemyWar_2:1200,soundEff:sound_meteor:1,soundEff:sound_loli_Atk_05:1|wait:600|over,,1,,2,2,2,1.01,0.12,0,0,1,2,1,3,0,,,targetDebuff,=,29,damagePro:0.15,20201
20202,メテオ,全体攻撃,icon_skill_20201,fs_fire,fs_mz_01,hitSound:sound_firebeat:1,fs_attack02,action01#eff:me:3:attack02_sf,soundEff:sound_berserkerrage:1|soundEff:sound_loli_Atk_05:1||action02#effWar:me:attack02_bx:enemy:3:50:0,soundEff:sound_firefly:1|wait:1000|over,,2,,2,2,2,0.6,0,0,0,0,7,0,,,,,20202
20203,フレアバーン,攻撃力の<color=#66FF00>60%</c>のシールドを獲得。,icon_skill_20203,fs_fire,fs_mz_01,hitSound:sound_firebeat:1,fs_cast,action01#eff:me:3:fs_cast,soundEff:sound_berserkerrage:1|over,,,,2,2,1,0,0.6,0,0,1,0,1,,,comboDestiny,=,2,power:3,20203
20204,ヘブンフレア,遠距離単体攻撃。<color=#66FF00>3</c>枚以上のカードで<color=#FF8000>チェイン</c>が発生した時、<color=#66FF00>30%</c>の追加ダメージを与える。,icon_skill_20204,fs_fire,fs_mz_01,hitSound:sound_firebeat:1,fs_attack03,action01#eff:me:3:attack03_sf,soundEff:sound_berserkerrage:1|soundEff:sound_loli_Atk_05:1||action02#eff:enemy:2:attack03_bx|wait:1500|over,,3,,2,2,3,1.3,0,0,0,1,1,0,,,linkNum,>=,3,damagePro:0.3,20204
20301,ライトニングアタック,遠距離単体攻撃。木属性の敵を優先する。,icon_skill_20301,fs_thunder,fs_mz_01,hitSound:sound_lightningbeat:1,fs_attack01,action01#eff:me:3:attack01_sf||action02#effWar:me:attack01_fx:enemy:3:100:0,soundEff:sound_lightning:1,soundEff:sound_loli_Atk_01:1|wait:600|over,,1,,3,2,2,0.97,0.16,0,0,1,2,1,4,0,,,,,10001
20302,ライトニングストライク,遠距離単体攻撃。<color=#66FF00>水属性</c>カードとの<color=#FF8000>コンボ</c>時に、ダメージが<color=#66FF00>50%</c>増加。,icon_skill_20302,fs_thunder,fs_mz_01,hitSound:sound_lightningbeat:1,fs_attack02,action01#eff:me:3:attack02_sf|soundEff:sound_loli_Atk_01:1||action02#eff:enemy:3:attack02_fx,soundEff:sound_lightning:1|wait:600|over,,1,,3,2,3,1.3,0,0,0,1,1,0,,,comboDestiny,=,1,damagePro:0.5,10001
20303,エナジーオーバーロード,攻撃力の<color=#66FF00>60%</c>のシールドを獲得。,icon_skill_20303,fs_thunder,fs_mz_01,hitSound:sound_lightningbeat:1,fs_cast,action01#eff:me:3:cast_sf,soundEff:sound_lightning:1|over,,,,3,2,1,0,0.6,0,0,1,0,1,,,,,10001
20304,サンダーストーム,遠距離単体攻撃。<color=#66FF00>「エナジーオーバーロード」</c>と組み合わせるとダメージが<color=#66FF00>150%</c>増加。,icon_skill_20304,fs_thunder,fs_mz_01,hitSound:sound_lightningbeat:1,fs_attack03,action01#eff:me:3:attack03_sf||action02#eff:enemy:3:attack03_bx,soundEff:sound_lightning:1|wait:2000|over,,4,,3,2,3,1.3,0,0,0,1,1,0,,,comboCard,=,20303,damagePro:1.5,10001
20401,ウィンドブレード,遠距離単体攻撃。<color=#66FF00>木属性</c>カードとの<color=#FF8000>コンボ</c>時にダメージが<color=#66FF00>30%</c>増加。,icon_skill_20401,fs_nature,fs_mz_01,hitSound:sound_throw:1,fs_attack01,action01#eff:me:3:attack01_sf||action02#eff:enemy:2:attack01_bx|soundEff:sound_wind:1|soundEff:sound_loli_Atk_03:1|wait:600|over,,3,,4,2,2,0.92,0.21,0,0,1,1,0,,,comboDestiny,=,4,damagePro:0.3,10001
20402,ラップ,遠距離単体攻撃。,icon_skill_20403,fs_nature,fs_mz_01,hitSound:sound_throw:1,fs_attack02,action01#eff:me:3:attack02_sf,soundEff:sound_naturem:1|soundEff:sound_loli_Atk_03:1||action02#effWar:me:attack02_bx:enemy:3:100:0|wait:600|over,,3,,4,2,3,1.05,0.25,0,0,1,1,0,,,,,10001
20403,ヒーリング,<color=#FF8000>最もHPが少ない</c>味方のHPを回復する。,icon_skill_20402,fs_nature,fs_mz_01,hitSound:sound_throw:1,fs_cast,action01#eff:me:3:fs_cast,soundEff:sound_naturem:1|over,,1,,4,2,1,0,0.15,0.8,0,1,0,3,1,3,,,,,10001
20404,ライフブレス,<color=#66FF00>味方全員</c>のHPを回復する。,icon_skill_20404,fs_nature,fs_mz_01,hitSound:sound_throw:1,fs_attack03,action01#eff:me:3:attack03_sf,soundEff:sound_naturem:1|soundEff:sound_loli_Atk_03:1||action02#eff:friend:2:attack03_bx,soundEff:sound_naturem2:1|playCure|wait:500|over,,1,,4,2,2,0,0.3,0.6,0,0,0,7,,,,,10001
20501,ホーリーパニッシュ,遠距離単体攻撃。<color=#FF8000>闇属性</c>の敵を優先的に攻撃。,icon_skill_20501,fs_light,fs_mz_01,hitSound:sound_bluntbeat:1,fs_attack01,action01#eff:me:3:attack01_sf,soundEff:sound_holylight:1||action02#eff:enemy:2:attack01_bx,soundEff:sound_holybeat:1,soundEff:sound_loli_Atk_04:1|wait:600|over,,1,,5,2,2,0.98,0.15,0,0,1,1,0,,,,,10001
20502,ホーリーライト,自身の前方にいる味方のHPを回復する。,icon_skill_20502,fs_light,fs_mz_01,hitSound:sound_bluntbeat:1,fs_attack02,action01#eff:me:3:attack02_sf,soundEff:sound_holylight:1|soundEff:sound_loli_Atk_04:1||action02#eff:friend:2:attack02_bx:soundEff:sound_holybeat:1|playCure|over,,1,,5,2,3,0,0,1.3,0,0,0,6,,,,,10001
20503,プレイ,攻撃力の<color=#66FF00>60%</c>のシールドを獲得。,icon_skill_20503,fs_light,fs_mz_01,hitSound:sound_bluntbeat:1,fs_cast,action01#eff:me:3:fs_cast,soundEff:sound_holylight:1|over,,,,5,2,2,0,0.6,0,0,1,0,7,,,,,10001
20504,フォーリングスター,全体攻撃。<color=#66FF00>3枚以上</c>のカードを使用して<color=#FF8000>コンボ</c>を行なった時、<color=#66FF00>50%</c>の追加ダメージを与える。,icon_skill_20504,fs_light,fs_mz_01,hitSound:sound_holylaser:1,fs_attack03,action01#eff:me:3:attack03_sf,soundEff:sound_holylight:1|soundEff:sound_loli_Atk_04:1||action02#effWar:me:attack03_bx:enemy:3:100:0|wait:1200|over,,5,,5,2,2,0.72,0,0,0,0,7,0,,,comboNum,>,2,damagePro:0.5,10001
20601,シャドウアロー,遠距離単体攻撃。<color=#FF8000>闇属性</c>カードとの<color=#FF8000>コンボ</c>時に、ダメージが<color=#66FF00>30%</c>増加。,icon_skill_20601,fs_dark,fs_mz_01,hitSound:sound_bluntbeat:1,fs_attack01,action01#eff:me:3:attack01_sf,soundEff:sound_dark1:1||action02#shoot:attack01_fx:meWar_4:enemyWar_2:1200,soundEff:sound_darkfly:1,soundEff:sound_loli_Atk_05:1|wait:600|over,,1,,6,2,2,1.13,0,0,0,1,1,0,,,comboDestiny,=,6,damagePro:0.3,10001
20602,シャドウグリップ,遠距離単体攻撃。<color=#66FF00>「ソウルカース」</c>と組み合わせるとダメージが<color=#66FF00>50%</c>増加。,icon_skill_20602,fs_dark,attack02_bx,hitSound:sound_bluntbeat:1,fs_attack02,action01#eff:me:3:attack02_sf,soundEff:sound_dark1:1|soundEff:sound_loli_Atk_05:1||action02#effWar:me:attack02_fx:enemy:3:100:0,soundEff:sound_darkfly:1|wait:500|over,,3,,6,2,3,1.3,0,0,0,1,1,0,,,comboCard,=,20603,damagePro:0.5,10001
20603,ソウルカース,攻撃力の<color=#66FF00>60%</c>のシールドを獲得。,icon_skill_20603,fs_dark,fs_mz_01,hitSound:sound_bluntbeat:1,fs_cast,action01#eff:me:3:fs_cast,soundEff:sound_dark1:1|over,,,,6,2,2,0,0.6,0,0,0,7,0,,,,,10001
20604,シャドウゲイズ,遠距離単体攻撃。<color=#66FF00>「ソウルカース」</c>と組み合わせるとダメージが<color=#66FF00>50%</c>増加。,icon_skill_20604,fs_dark,fs_mz_01,hitSound:sound_boomb:1,fs_attack03,action01#eff:me:3:attack03_sf,soundEff:sound_dark1:1|soundEff:sound_loli_Atk_05:1||action02#eff:enemy:2:attack03_bx,soundEff:sound_darkdown:1|wait:1200|over,,2,,6,2,3,1.3,0,0,0,0,1,0,,,comboCard,=,20603,damagePro:0.5,10001
20611,バットストライク,遠距離単体攻撃。<color=#FF8000>HPの一番低い</c>敵を優先的に攻撃。,icon_skill_20611,fs_halloween,mz,hitSound:sound_bluntbeat:1,fs_attack01,action01#eff:me:3:attack01_sf,soundEff:sound_dark1:1||action02#shoot:attack01_fx:meWar_4:enemyWar_2:1200,soundEff:sound_darkfly:1,soundEff:sound_loli_Atk_05:1|wait:600|over,,1,,6,2,1,0.85,0,0,0,1,3,1,2,0,,,,,
20612,バットボム,遠距離単体攻撃。<color=#FF8000>闇属性</c>カードとの<color=#FF8000>コンボ</c>時に、ダメージが<color=#66FF00>30%</c>増加。,icon_skill_20612,fs_halloween,mz,hitSound:sound_bluntbeat:1,fs_attack02,action02#effWar:me:attack02_bx:enemy:3:100:0,soundEff:sound_darkfly:1|wait:500|over,,2,,6,2,2,1.1,0,0,0,1,1,0,,,comboDestiny,=,6,damagePro:0.3,
20613,ハロウィン・カーニバル,攻撃力の<color=#66FF00>60%</c>のシールドと<color=#FFFF66>ダメージ上昇Ⅲ</c>の効果を獲得。,icon_skill_20613,fs_halloween,mz,hitSound:sound_bluntbeat:1,fs_cast,action01#eff:me:3:cast_sf,soundEff:sound_dark1:1||action02#eff:friend:2:cast_bx|over,,,,6,2,0,0,0.6,0,0,0,0,7,10103,,,,
20614,カボチャ、召喚！,全体攻撃。かぼちゃを召喚して敵チーム全体を攻撃。,icon_skill_20614,fs_halloween,mz,hitSound:sound_boomb:1,fs_attack03,action01#eff:me:3:attack03_sf,soundEff:sound_dark1:1|soundEff:sound_loli_Atk_05:1||action02#effWar:me:attack03_bx:enemy:3:50:0,soundEff:sound_darkdown:1|wait:900|over,,1,,6,2,3,0.48,0,0,0,0,7,0,,,,,
30101,ウォーターブレード,近接単体攻撃。<color=#66FF00>「ウォーターレイド」</c>と組み合わせると、クリティカル率が<color=#66FF00>30%</c>増加。,icon_skill_30101,ck_water,ck_mz_01,hitSound:sound_bluntbeat:1,ck_attack01,action01#eff:me:3:attack01_sf|move:me:me:3:0:0:1200|over,move:me:enemy:3:200:0:1400,3,,1,3,1,0.93,0.24,0,1,1,1,0,,,comboCard,=,30103,crit:0.3,10001
30102,ウォーターラッシュ,近接単体攻撃。<color=#FF8000>最も遠い</c>敵を優先して攻撃。,icon_skill_30102,ck_water,ck_mz_01,hitSound:sound_Waterb:1,ck_attack02,action01#eff:me:3:attack02_sf|move:me:me:3:0:0:1200|over,move:me:enemy:3:150:0:1400,4,,1,3,1,0.78,0.39,0,1,1,5,1,2,0,,,,,10001
30103,ウォーターレイド,攻撃力の<color=#66FF00>80%</c>のシールドを獲得。,icon_skill_30103,ck_water,ck_mz_01,hitSound:sound_bluntbeat:1,ck_cast,action01#eff:me:3:cast_sf|over,,,,1,3,1,0,0.8,0,1,1,0,1,,,,,10001
30104,ボルテックスウォーターブレード,近接単体攻撃。<color=#66FF00>「ウォーターレイド」</c>と組み合わせると確定クリティカルとなり、クリティカルダメージは通常ダメージの<color=#66FF00>175%</c>となる。,icon_skill_30104,ck_water,ck_mz_01,hitSound:sound_Waterb:1,ck_attack03,action01#eff:me:3:attack03_sf|move:me:me:3:0:0:1200|over,move:me:enemy:3:300:0:1400,3,,1,3,2,1.38,0.09,0,1,1,1,0,,,comboCard,=,30103,crit:1,critDamagePro:-0.25,10001
30201,ワンラインフレイムカット,近接単体攻撃。<color=#FF8000>最も遠い</c>敵を優先して攻撃し、クリティカル率が<color=#66FF00>20%</c>増加。,icon_skill_30201,ck_fire,ck_mz_01,hitSound:sound_firebeat:1,ck_attack01,action01#eff:me:3:attack01_sf|move:me:me:3:0:0:1200|over,move:me:enemy:3:200:0:1400,3,,2,3,1,1.08,0.1,0,1,1,5,1,2,0,,,all,crit:0.2,10001
30202,メテオシャワー,近接単体攻撃。<color=#66FF00>「ファイアストーム」</c>と組み合わせると、ダメージが<color=#66FF00>20%</c>増加。,icon_skill_30202,ck_fire,ck_mz_01,hitSound:sound_firebeat:1,ck_attack02,action01#eff:me:3:attack02_sf|move:me:me:3:0:0:1200|over,move:me:enemy:3:150:0:1400,4,,2,3,1,1,0.18,0,1,1,1,0,,,comboCard,=,30203,damagePro:0.2,10001
30203,ファイアストーム,攻撃力の<color=#66FF00>80%</c>のシールドを獲得。,icon_skill_30204,ck_fire,ck_mz_01,hitSound:sound_firebeat:1,ck_cast,action01#eff:me:3:cast_sf,soundEff:sound_berserkerrage:1|over,,,,2,3,1,0,0.8,0,1,1,0,1,,,,,10001
30204,フレイムディストラクション,近接単体攻撃。<color=#FF8000>雷属性</c>の敵を優先的に攻撃する。<color=#66FF00>「ファイアストーム」</c>と組み合わせると、ダメージが<color=#66FF00>50%</c>増加。,icon_skill_30203,ck_fire,ck_mz_01,hitSound:sound_firebeat:1,ck_attack03,action01#eff:me:3:attack03_sf|move:me:me:3:0:0:1200|over,move:me:enemy:3:300:0:1400,3,,2,3,2,1.47,0,0,1,1,2,1,3,0,,,comboCard,=,30203,damagePro:0.5,10001
30301,サンダーファング,近接単体攻撃。<color=#FF8000>最も遠い</c>敵を優先して攻撃。,icon_skill_30301,ck_thunder,ck_mz_01,hitSound:sound_lightningbeat:1,ck_attack01,action01#eff:me:3:attack01_sf|move:me:me:3:0:0:1200|over,move:me:enemy:3:200:0:1400,3,,3,3,1,1,0.18,0,1,1,5,1,2,0,,,,,30301
30302,ヘブンライトニング,近接単体攻撃。<color=#66FF00>「サンダーディストラクション」</c>と組み合わせると、確定クリティカルとなり、クリティカルダメージは通常ダメージの<color=#66FF00>175%</c>となる。,icon_skill_30302,ck_thunder,ck_mz_01,hitSound:sound_lightningbeat:1,ck_attack02,action01#eff:me:3:attack02_sf|move:me:me:3:0:0:1200|over,move:me:enemy:3:150:0:1400,4,,3,3,1,0.94,0.24,0,1,1,1,0,,,comboCard,=,30303,crit:1,critDamagePro:-0.25,30302
30303,サンダーディストラクション,攻撃力の<color=#66FF00>80%</c>のシールドを獲得。,icon_skill_30303,ck_thunder,ck_mz_01,hitSound:sound_lightningbeat:1,ck_cast,action01#eff:me:3:cast_sf,soundEff:sound_lightning:1|over,,,,3,3,1,0,0.8,0,1,1,0,1,,,,,30303
30304,ライトニングアサルト,近接単体攻撃。<color=#FF8000>木属性</c>の敵を優先的に攻撃し、<color=#66FF00>「サンダーディストラクション」</c> と組み合わせると、確定クリティカル。,icon_skill_30304,ck_thunder,ck_mz_01,hitSound:sound_lightningbeat:1,ck_attack03,action01#eff:me:3:attack03_sf|move:me:me:3:0:0:1200|over,move:me:enemy:3:300:0:1400,3,,3,3,2,1.42,0.05,0,1,1,2,1,4,0,,,comboCard,=,30303,crit:1,30304
30401,スパイン,<color=#66FF00>「フラワーダンス」</c>と組み合わせると、クリティカル率が<color=#66FF00>20%</c>増加。,icon_skill_30401,ck_nature,ck_mz_01,hitSound:sound_throw:1,ck_attack01,action01#eff:me:3:attack01_sf|move:me:me:3:0:0:1200|over,move:me:enemy:3:200:0:1400,3,,4,3,1,0.88,0.3,0,1,1,5,1,2,0,,,comboCard,=,30403,crit:0.2,10001
30402,リーフブレード,近接単体攻撃。<color=#FF8000>水属性</c>の敵を優先的に攻撃し、<color=#66FF00>「フラワーダンス」</c>と組み合わせると、クリティカル率が<color=#66FF00>30%</c>増加。,icon_skill_30402,ck_nature,ck_mz_01,hitSound:sound_throw:1,ck_attack02,action01#eff:me:3:attack02_sf|move:me:me:3:0:0:1200|over,move:me:enemy:3:150:0:1400,3,,4,3,1,0.76,0.42,0,1,1,2,1,1,0,,,comboCard,=,30403,crit:0.3,10001
30403,フラワーダンス,攻撃力の<color=#66FF00>80%</c>のシールドを獲得。,icon_skill_30403,ck_nature,ck_mz_01,hitSound:sound_throw:1,ck_cast,action01#eff:me:3:cast_sf|over,,,,4,3,1,0,0.8,0,1,1,3,1,1,0,,,,,10001
30404,アレイスパイン,近接単体攻撃。HPが<color=#FF8000>最も低い</c>敵を優先して攻撃し、敵のHPが<color=#66FF00>50%</c>以下の場合は確定クリティカル。,icon_skill_30404,ck_nature,ck_mz_01,hitSound:sound_throw:1,ck_attack03,action01#eff:me:3:attack03_sf|move:me:me:3:0:0:1200|over,move:me:enemy:3:300:0:1400,5,,4,3,2,1.27,0.2,0,1,1,3,1,2,0,,,hpPercent,<,0.5,crit:1,10001
30501,フラッシュ,近接単体攻撃。<color=#FF8000>最も遠い敵</c>を優先する。,icon_skill_30501,ck_light,ck_mz_01,hitSound:sound_bluntbeat:1,ck_attack01,action01#eff:me:3:attack01_sf|move:me:me:3:0:0:1200|over,move:me:enemy:3:200:0:1400,3,,5,3,1,1,0.18,0,1,1,5,1,2,0,,,,,10001
30502,ネメシス,近接単体攻撃。<color=#FF8000>闇属性</c>の敵に<color=#66FF00>20%</c>の確率で優先的に攻撃する。,icon_skill_30502,ck_light,ck_mz_01,hitSound:sound_bluntbeat:1,ck_attack02,action01#eff:me:3:attack02_sf|move:me:me:3:0:0:1200|over,move:me:enemy:3:150:0:1400,4,,5,3,1,1.18,0,0,1,1,2,1,6,0,,,targetDestiny,=,6,crit:0.2,10001
30503,ホーリーギフト,攻撃力の<color=#66FF00>80%</c>のシールドを獲得。,icon_skill_30503,ck_light,ck_mz_01,hitSound:sound_bluntbeat:1,ck_cast,action01#eff:me:3:cast_sf|over,,,,5,3,1,0,0.8,0,1,1,0,1,,,,,10001
30504,ジャスティスパシュート,近接単体攻撃。<color=#FF8000>闇属性</c>の敵を優先的に攻撃。<color=#66FF00>「ホーリーギフト」</c>と組み合わせると、クリティカル率が<color=#66FF00>50%</c>増加し、クリティカルダメージは通常ダメージの<color=#66FF00>300%</c>となる。,icon_skill_30504,ck_light,ck_mz_01,hitSound:sound_holylaser:1,ck_attack03,action01#eff:me:3:attack03_sf|move:me:me:3:0:0:1200|over,move:me:enemy:3:300:0:1400,3,,5,3,2,1.37,0.1,0,1,1,2,1,6,0,,,comboCard,=,30503,crit:0.5,critDamagePro:1,10001
30601,アサシネイション,近接単体攻撃。<color=#FF8000>HPが最も低い</c>敵を優先的に攻撃。<color=#66FF00>「ミスト」</c>と組み合わせると、クリティカル率が<color=#66FF00>20%</c>増加し、クリティカルダメージは通常ダメージの<color=#66FF00>250%</c>となる。,icon_skill_30601,ck_dark,ck_mz_01,hitSound:sound_bluntbeat:1,ck_attack01,action01#eff:me:3:attack01_sf|move:me:me:3:0:0:1200|over,move:me:enemy:3:200:0:1400,3,,6,3,1,1.18,0,0,1,1,3,1,2,0,,,comboCard,=,30603,crit:0.2,critDamagePro:0.5,10001
30602,エネルギースティール,近接単体攻撃。敵の数が<color=#66FF00>1体</c>より多い場合、クリティカル率が<color=#66FF00>10%</c>、ダメージが<color=#66FF00>10%</c>増加。,icon_skill_30602,ck_dark,ck_mz_01,hitSound:sound_bluntbeat:1,ck_attack02,action01#eff:me:3:attack02_sf|move:me:me:3:0:0:1200|over,move:me:enemy:3:150:0:1400,4,,6,3,1,1,0.18,0,1,1,1,0,,,enemyNum,>,1,crit:0.1,damagePro:0.1,10001
30603,ミスト,攻撃力の<color=#66FF00>80%</c>のシールドを獲得。,icon_skill_30603,ck_dark,ck_mz_01,hitSound:sound_bluntbeat:1,ck_cast,action01#eff:me:3:cast_sf|over,,,,6,3,1,0,0.8,0,1,1,0,1,,,,,10001
30604,シャドウレイド,近接単体攻撃。<color=#FF8000>最も遠い</c>敵を優先して攻撃し、敵のHPが<color=#66FF00>70%</c>以上なら確定クリティカル。,icon_skill_30604,ck_dark,ck_mz_01,hitSound:sound_boomb:1,ck_attack03,action01#eff:me:3:attack03_sf|move:me:me:3:0:0:1200|over,move:me:enemy:3:300:0:1400,6,,6,3,2,1.47,0,0,1,1,5,1,2,0,,,hpPercent,>,0.7,crit:1,10001
40101,ウォーターバルーン,全体攻撃。敵の数が<color=#66FF00>1体</c>以上の場合、ダメージが<color=#66FF00>20%</c>増加。,icon_skill_40101,ws_water,ws_mz_01,hitSound:sound_Waterb:1,ws_attack01,action01#eff:me:3:attack01_sf,soundEff:sound_waterm:1,soundEff:sound_loli_Atk_02:1||action02#effWar:me:attack01_bx2:enemy:3:0:0,eff:enemy:2:attack01_bx,soundEff:sound_flying:1|wait:500|over,,3,,1,4,2,0.4,0.16,0,0,0,7,0,,,enemyNum,>,1,damagePro:0.2,10001
40102,癒しの雨,使用すると、<color=#66FF00>味方全員</c>のHPを回復させる。,icon_skill_40102,ws_water,ws_mz_01,hitSound:sound_Waterb:1,ws_attack02,action01#eff:me:3:attack02_sf,soundEff:sound_waterm:1|soundEff:sound_loli_Atk_02:1||action02#eff:friend:3:attack02_bx,soundEff:sound_wateratk:1|playCure|wait:500|over,,,,1,4,2,0,0.1,0.42,0,0,0,7,,,,,10001
40103,プリズン,全体攻撃。敵の数が<color=#66FF00>1体</c>の時、ダメージが<color=#66FF00>100%</c>増加。,icon_skill_40103,ws_water,ws_mz_01,hitSound:sound_Waterb:1,ws_cast,action01#eff:me:3:cast_sf,soundEff:sound_wateradd:1||action02#eff:enemy:3:attack02_bx,soundEff:sound_wateratk:1|playHurt|wait:500|over,,1,,1,4,2,0.5,0.16,0,0,0,7,0,,,enemyNum,<,2,damagePro:1,10001
40104,リヴァイアサン,全体攻撃。<color=#66FF00>水</c>のカードとの<color=#FF8000>コンボ</c>時に、ダメージが<color=#66FF00>50%</c>増加。,icon_skill_40104,ws_water,ws_mz_01,hitSound:sound_waterm:1,ws_attack03,action01#eff:me:3:attack03_sf,soundEff:sound_loli_Atk_02:1||action02#effWar:me:attack03_bx:enemy:3:0:0,soundEff:sound_waterm:1|wait:1500|over,,5,,1,4,2,0.65,0.12,0,0,0,7,0,,,comboDestiny,=,1,damagePro:0.5,10001
40201,ファイアドラゴンアタック,全体攻撃。敵の数が<color=#66FF00>2体</c>以上の時、ダメージが<color=#66FF00>30%</c>増加。,icon_skill_40201,ws_fire,ws_mz_01,hitSound:sound_firebeat:1,ws_attack01,action01#eff:me:3:attack01_sf,soundEff:sound_berserkerrage:1,soundEff:sound_loli_Atk_05:1||action02#effWar:me:attack01_fx:enemy:3:-180:0,soundEff:sound_meteor:1|wait:500|over,,2,,2,4,2,0.45,0,0,0,0,7,0,,,targetDebuff,=,29,damagePro:0.3,10001
40202,ファイアシールド,全体攻撃。,icon_skill_40202,ws_fire,ws_mz_01,hitSound:sound_firebeat:1,ws_attack02,action01#eff:me:3:attack02_sf,soundEff:sound_berserkerrage:1|soundEff:sound_loli_Atk_05:1||action02#eff:enemy:3:attack02_bx|playHurt|wait:600|over,,1,,2,4,2,0.3,0.1,0,0,0,7,0,,,,,10001
40203,リミットブレイク,攻撃力の<color=#66FF00>80%</c>のシールドを獲得。,icon_skill_40203,ws_fire,ws_mz_01,hitSound:sound_firebeat:1,ws_cast,action01#eff:me:3:cast_sf,soundEff:sound_berserkerrage:1|over,,,,2,4,2,0,0.8,0,0,0,0,7,,,,,10001
40204,ドラゴンファイアブレス,全体攻撃。<color=#66FF00>「ブレイクスルーリミット」</c>と組み合わせると、クリティカル率が<color=#66FF00>30%</c>、ダメージが<color=#66FF00>50%</c>増加。,icon_skill_40204,ws_fire,ws_mz_01,hitSound:sound_firebeat:1,ws_attack03,action01#eff:me:3:attack03_sf,soundEff:sound_berserkerrage:1,soundEff:sound_loli_Atk_05:1||action02#effWar:me:attack03_bx:enemy:3:50:0|wait:1500|over,,5,,2,4,2,0.65,0,0,0,0,7,0,,,comboCard,=,40203,crit:0.3,damagePro:0.5,10001
40301,サンダーバースト,<color=#66FF00>「エレキショック」</c>と組み合わせると、クリティカル率が<color=#66FF00>50%</c>増加。,icon_skill_40301,ws_thunder,ws_mz_01,hitSound:sound_lightningbeat:1,ws_attack01,action01#eff:me:3:attack01_sf,soundEff:sound_loli_Atk_01:1||action02#eff:enemy:2:attack01_fx,effWar:me:attack01_fx2:enemy:3:0:0,soundEff:sound_lightning:1|wait:500|over,,2,,3,4,2,0.42,0.1,0,0,0,7,0,,,comboCard,=,40302,crit:0.5,30301
40302,エレキショック,全体攻撃。<color=#66FF00>「サンダーバースト」</c>と組み合わせると、ダメージが<color=#66FF00>50%</c>増加。,icon_skill_40302,ws_thunder,ws_mz_01,hitSound:sound_lightningbeat:1,ws_attack02,action01#eff:me:3:attack02_sf|soundEff:sound_loli_Atk_01:1||action02#effWar:me:attack02_bx:enemy:3:20:0,soundEff:sound_lightning:1|wait:500|over,,4,,3,4,2,0.73,0.06,0,0,0,7,0,,,comboCard,=,40301,damagePro:0.5,30302
40303,アクティベーション,攻撃力の<color=#66FF00>80%</c>のシールドを獲得。,icon_skill_40303,ws_thunder,ws_mz_01,hitSound:sound_lightningbeat:1,ws_cast,action01#eff:me:3:cast_sf,soundEff:sound_lightning:1|over,,,,3,4,1,0,0.8,0,0,0,0,7,,,,,30303
40304,ライトニングサンダー,全体攻撃。<color=#66FF00>「アクティベーション」</c>と組み合わせると、クリティカル率が<color=#66FF00>50%</c>、ダメージが<color=#66FF00>50%</c>増加。,icon_skill_40304,ws_thunder,ws_mz_01,hitSound:sound_lightningbeat:1,ws_attack03,action01#eff:me:3:attack03_sf||action02#effWar:me:attack03_bx:enemy:3:0:0,soundEff:sound_lightning:1|wait:1500|over,,4,,3,4,2,0.65,0.03,0,0,0,7,0,,,comboCard,=,40303,crit:0.5,damagePro:0.5,30304
40401,ディザスター,全体攻撃。敵の数が<color=#66FF00>1体</c>より多い時、ダメージが<color=#66FF00>20%</c>増加。,icon_skill_40401,ws_nature,ws_mz_01,hitSound:sound_throw:1,ws_attack01,action01#eff:me:3:attack01_sf,soundEff:sound_loli_Atk_03:1,soundEff:sound_soufirefire:1|wait:600|over,,3,,4,4,2,0.39,0.19,0,0,0,7,0,,,enemyNum,>,1,damagePro:0.2,10001
40402,ウィンドブレス,使用すると、<color=#66FF00>味方全員</c>のHPを回復させる。,icon_skill_40402,ws_nature,ws_mz_01,hitSound:sound_throw:1,ws_attack02,action01#eff:me:3:attack02_sf,soundEff:sound_naturem:1,soundEff:sound_loli_Atk_03:1||action02#eff:friend:2:attack02_bx:soundEff:sound_wind:1|playCure|wait:500|over,,1,,4,4,2,0,0,0.75,0,0,0,7,,,,,10001
40403,アースブレス,攻撃力の<color=#66FF00>80%</c>のシールドを獲得。<color=#66FF00>全ての</c>仲間のHPをわずかに回復。,icon_skill_40403,ws_nature,ws_mz_01,hitSound:sound_throw:1,ws_cast,action01#eff:me:3:cast_sf,soundEff:sound_naturem:1|playCure|over,,1,,4,4,2,0,0.8,0.3,0,0,0,7,,,,,10001
40404,ネイチャーフューリー,全体攻撃。<color=#66FF00>木属性</c>のカードとの<color=#FF8000>コンボ</c>時に、ダメージが <color=#66FF00>50%</c>増加。,icon_skill_40404,ws_nature,ws_mz_01,hitSound:sound_throw:1,ws_attack03,action01#eff:me:3:attack03_sf,soundEff:sound_naturem:1,soundEff:sound_loli_Atk_03:1||action02#effWar:me:attack03_bx:enemy:3:100:0,soundEff:sound_naturem2:1,soundEff:sound_wind:1|wait:2000|over,,4,,4,4,2,0.65,0.15,0,0,0,7,0,,,comboDestiny,=,4,damagePro:0.5,10001
40501,ダークジャッジメント,全体攻撃。敵の数が<color=#66FF00>2体</c>以下の時、ダメージが<color=#66FF00>30%</c>増加。,icon_skill_40501,ws_light,ws_mz_01,hitSound:sound_bluntbeat:1,ws_attack01,action01#eff:me:3:attack01_sf,soundEff:sound_holylight:1,soundEff:sound_loli_Atk_04:1||action02#eff:enemy:3:attack01_fx,effWar:me:attack01_fx2:enemy:3:0:0,soundEff:sound_holybeat:1|wait:500|over,,2,,5,4,3,0.51,0.13,0,0,0,7,0,,,enemyNum,<,3,damagePro:0.3,10001
40502,ホーリーガード,使用すると、<color=#66FF00>味方全員</c>のHPを回復させる。,icon_skill_40502,ws_light,ws_mz_01,hitSound:sound_bluntbeat:1,ws_attack02,action01#eff:me:3:attack02_sf,soundEff:sound_holylight:1|soundEff:sound_loli_Atk_04:1||action02#effWar:me:attack02_bx:friend:3:50:0,soundEff:sound_holylight:1|playCure|wait:500|over,,1,,5,4,1,0,0.3,0.5,0,0,0,7,,,,,10001
40503,リザレクション,攻撃力の<color=#66FF00>110%</c>のシールドを獲得。,icon_skill_40503,ws_light,ws_mz_01,hitSound:sound_bluntbeat:1,ws_cast,action01#eff:me:3:cast_sf,soundEff:sound_holylight:1|over,,,,5,4,1,0,0.5,0,0,0,0,1,,,,,10001
40504,ホーリーレーザー,全体攻撃。<color=#66FF00>光属性</c>カードとの<color=#FF8000>コンボ</c>時に、ダメージが<color=#66FF00>50%</c>増加。,icon_skill_40504,ws_light,ws_mz_01,hitSound:sound_bluntbeat:1,ws_attack03,action01#eff:me:3:attack02_sf,soundEff:sound_holylight:1|soundEff:sound_loli_Atk_04:1||action02#effWar:me:attack03_sf:enemy:3:100:0|wait:800|over,,4,,5,4,2,0.65,0,0,0,0,7,0,,,comboDestiny,=,5,damagePro:0.5,10001
40601,デスウィッシュ,全体攻撃。敵の数が<color=#66FF00>2体</c>以上のとき、<color=#66FF00>30%</c>のダメージを与える。,icon_skill_40601,ws_dark,ws_mz_01,hitSound:sound_bluntbeat:1,ws_attack01,action01#eff:me:3:attack01_sf,soundEff:sound_dark1:1,soundEff:sound_loli_Atk_05:1||action02#shoot:attack01_fx:meWar_4:enemyWar_2:1200,soundEff:sound_darkfly:1|wait:500|over,,1,,6,4,2,0.46,0.3,0,0,0,7,0,,,enemyNum,>,2,damagePro:0.3,10001
40602,デスコイル,全体攻撃。<color=#FF8000>チェイン</c>が発生した時、ダメージが<color=#66FF00>30%</c>増加。,icon_skill_40602,ws_dark,ws_mz_01,hitSound:sound_bluntbeat:1,ws_attack02,action01#eff:me:3:attack02_sf|soundEff:sound_loli_Atk_05:1,soundEff:sound_dark1:1||action02#eff:enemy:3:attack02_bx,effWar:me:attack02_bx2:enemy:3:0:0,soundEff:sound_darkfly:1|wait:500|over,,3,,6,4,2,0.65,0.3,0,0,0,7,0,,,linkNum,>=,2,damagePro:0.3,10001
40603,リチュアル,全体攻撃。敵のカードが<color=#66FF00>2枚</c>以上存在する場合、ダメージが<color=#66FF00>50%</c>増加。,icon_skill_40603,ws_dark,ws_mz_01,hitSound:sound_bluntbeat:1,ws_cast,action01#eff:me:3:cast_sf,soundEff:sound_dark1:1|playHurt|over,,1,,6,4,1,0.4,0.3,0,0,0,7,0,,,enemyNum,>,1,damagePro:0.5,10001
40604,ブラックホール,全体攻撃。<color=#FF8000>闇属性</c>カードとの<color=#FF8000>コンボ</c>時に、ダメージが<color=#66FF00>50%</c>増加。,icon_skill_40604,ws_dark,ws_mz_01,hitSound:sound_boomb:1,ws_attack03,action01#eff:me:3:attack03_sf,soundEff:sound_dark1:1|soundEff:sound_loli_Atk_05:1||action02#effWar:me:attack03_bx:enemy:3:100:0,soundEff:sound_darkdown:1|wait:2000|over,,5,,6,4,2,0.65,0.3,0,0,0,7,0,,,comboDestiny,=,6,damagePro:0.5,10001
50101,クリティカルショット,遠距離単体攻撃。<color=#FF8000>火属性</c>の敵を優先的に攻撃し、ダメージが<color=#66FF00>20%</c>増加。,icon_skill_50101,ss_water,ss_mz_01,hitSound:sound_bluntbeat:1,ss_attack01,action01#eff:me:3:attack01_sf,soundEff:sound_waterm:1,soundEff:sound_yj_Atk_01:1||action02#shoot:attack01_fx:meWar_4:enemyWar_2:2200,soundEff:sound_shotarrow:1|wait:600|over,,1,,1,5,1,1.2,0.35,0,0,1,2,1,2,0,,,targetDestiny,=,2,damagePro:0.2,10001
50102,インサイトショット,遠距離単体攻撃。<color=#FF8000>火属性</c>の敵を優先的に攻撃し、クリティカル率が<color=#66FF00>50%</c>増加。,icon_skill_50102,ss_water,ss_mz_01,hitSound:sound_bluntbeat:1,ss_attack02,action01#eff:me:3:attack02_sf,soundEff:sound_waterm:1,soundEff:sound_yj_Atk_01:1||action02#shoot:attack02_fx:meWar_4:enemyWar_2:2200,soundEff:sound_firefly:1|wait:600|over,,1,,1,5,2,1,0.35,0,0,1,2,1,2,0,,,targetDestiny,=,2,damagePro:0.5,10001
50103,スマートペース,攻撃力の<color=#66FF00>75%</c>のシールドを獲得する。,icon_skill_50103,ss_water,ss_mz_01,hitSound:sound_bluntbeat:1,ss_cast,action01#eff:me:3:cast_sf,soundEff:sound_wateradd:1|over,,,,1,5,1,0,0.75,0,0,1,0,1,,,,,10001
50104,レインアロー,全体攻撃。<color=#66FF00>「スマートペース」</c>と組み合わせると、クリティカル率が<color=#66FF00>50%</c>、ダメージが<color=#66FF00>50%</c>増加。,icon_skill_50104,ss_water,ss_mz_01,hitSound:sound_waterm:1,ss_attack03,action01#eff:me:3:attack03_sf,soundEff:sound_yj_Atk_01:1||action02#effWar:me:attack03_bx:enemy:3:0:0,soundEff:sound_flying:1|wait:1500|over,,4,,1,5,2,0.83,0.5,0,0,0,7,0,,,comboCard,=,50103,crit:0.5,damagePro:0.5,10001
50201,ファイアアロー,遠距離単体攻撃。<color=#66FF00>「ハントマーク」</c>と組み合わせると、ダメージが<color=#66FF00>20%</c>増加。,icon_skill_50201,ss_fire,ss_mz_01,hitSound:sound_firebeat:1,ss_attack01,action01#eff:me:3:attack01_sf,soundEff:sound_yj_Atk_01:1||action02#shoot:attack01_fx:meWar_4:enemyWar_2:2200,soundEff:sound_firefly:1|wait:600|over,,1,,2,5,1,1.16,0.2,0,0,1,1,0,,,comboCard,=,50203,damagePro:0.2,10001
50202,アウトレイジ,遠距離単体攻撃。<color=#66FF00>2体</c>以上の味方が存在すると、ダメージが<color=#66FF00>30%</c>増加。,icon_skill_50202,ss_fire,ss_mz_01,hitSound:sound_firebeat:1,ss_attack02,action01#eff:me:3:attack02_sf,soundEff:sound_berserkerrage:1,soundEff:sound_yj_Atk_01:1||action02#shoot:attack02_fx:meWar_4:enemyWar_2:2200,soundEff:sound_firefly:1|wait:600|over,,1,,2,5,2,1.4,0.3,0,0,1,1,0,,,friendNum,>,2,damagePro:0.3,10001
50203,ハントマーク,攻撃力の<color=#66FF00>75%</c>のシールドを獲得。,icon_skill_50203,ss_fire,ss_mz_01,hitSound:sound_firebeat:1,ss_cast,action01#eff:me:3:cast_sf,soundEff:sound_berserkerrage:1|over,,,,2,5,1,0,0.75,0,0,1,0,1,,,,,10001
50204,フェニックスアロー,遠距離単体攻撃。<color=#66FF00>「ハントマーク」</c>と組み合わせると、ダメージが<color=#66FF00>50%</c>増加。,icon_skill_50204,ss_fire,ss_mz_01,hitSound:sound_firebeat:1,ss_attack03,action01#eff:me:3:attack03_sf,soundEff:sound_yj_Atk_01:1||action02#shoot:attack02_fx:meWar_4:enemyWar_2:2200,soundEff:sound_flying:1|wait:1200|over,,1,,2,5,2,1.83,0.25,0,0,1,1,0,,,comboCard,=,50203,damagePro:0.5,10001
50301,ライトニングアロー,遠距離単体攻撃。,icon_skill_50301,ss_thunder,ss_mz_01,hitSound:sound_lightningbeat:1,ss_attack01,action01#eff:me:3:attack01_sf,soundEff:sound_lightning:1,soundEff:sound_yj_Atk_02:1||action02#shoot:attack01_fx:meWar_4:enemyWar_2:2200,soundEff:sound_shotarrow:1|wait:600|over,,1,,3,5,1,1,0.26,0,0,1,1,0,,,,,30301
50302,スタック,遠距離単体攻撃。<color=#FF8000>最も遠い</c>敵を優先して攻撃。<color=#66FF00>「セレニティー」</c>と組み合わせると<color=#66FF00>30%</c>クリティカル率が増加、<color=#66FF00>30%</c>ダメージが増加する。,icon_skill_50302,ss_thunder,ss_mz_01,hitSound:sound_lightningbeat:1,ss_attack02,action01#eff:me:3:attack02_sf,soundEff:sound_lightning:1,soundEff:sound_yj_Atk_02:1||action02#shoot:attack02_fx:meWar_4:enemyWar_2:2200,soundEff:sound_firefly:1|wait:600|over,,1,,3,5,2,1.3,0.4,0,0,1,5,1,2,0,,,comboCard,=,50301,crit:0.3,damagePro:0.3,30302
50303,セレニティー,攻撃力の<color=#66FF00>75%</c>のシールドを獲得。,icon_skill_50303,ss_thunder,ss_mz_01,hitSound:sound_lightningbeat:1,ss_cast,action01#eff:me:3:cast_sf,soundEff:sound_lightning:1|over,,,,3,5,1,0,0.75,0,0,1,0,1,,,,,30303
50304,チェーンライトニングボルト,遠距離単体攻撃。<color=#66FF00>「セレニティー」</c>と組み合わせると、確定クリティカル。,icon_skill_50304,ss_thunder,attack03_bx,hitSound:sound_lightningbeat:1,ss_attack03,action01#eff:me:3:attack03_sf,soundEff:sound_yj_Atk_02:1||action02#shoot:attack02_fx:meWar_4:enemyWar_2:2200,soundEff:sound_flying:1|wait:1200|over,,1,,3,5,2,1.78,0.3,0,0,1,1,0,,,comboCard,=,50303,crit:1,30304
50401,グリーンアロー,遠距離単体攻撃。<color=#FF8000>水属性</c>の敵を優先し、味方が<color=#66FF00>3体</c>以下の場合、ダメージを<color=#66FF00>20%</c>増加させる。,icon_skill_50401,ss_nature,ss_mz_01,hitSound:sound_bluntbeat:1,ss_attack01,action01#eff:me:3:attack01_sf,soundEff:sound_yj_Atk_03:1||action02#shoot:attack01_fx:meWar_4:enemyWar_2:2200,soundEff:sound_shotarrow:1|wait:600|over,,1,,4,5,1,0.95,0.42,0,0,1,2,1,1,0,,,friendNum,<,3,damagePro:0.2,10001
50402,ポイズンアロー,遠距離単体攻撃。<color=#FF8000>水属性</c>の敵を優先的に攻撃。,icon_skill_50402,ss_nature,ss_mz_01,hitSound:sound_bluntbeat:1,ss_attack02,action01#eff:me:3:attack02_sf,soundEff:sound_naturem:1,soundEff:sound_yj_Atk_03:1||action02#shoot:attack02_fx:meWar_4:enemyWar_2:2200,soundEff:sound_firefly:1|wait:600|over,,1,,4,5,2,1.1,0.6,0,0,1,2,1,1,0,,,,,10001
50403,クリアミラー,攻撃力の<color=#66FF00>75%</c>のシールドを獲得。,icon_skill_50403,ss_nature,ss_mz_01,hitSound:sound_bluntbeat:1,ss_cast,action01#eff:me:3:cast_sf,soundEff:sound_naturem:1|over,,,,4,5,1,0,1.3,0,0,1,0,1,,,,,10001
50404,フライングリーフアロー,遠距離単体攻撃。属性が<color=#FF8000>水</c>の敵を優先的に攻撃。<color=#66FF00>「クリアミラー」</c>と組み合わせると、ダメージが<color=#66FF00>50%</c>増加する。,icon_skill_50404,ss_nature,ss_mz_01,hitSound:sound_bluntbeat:1,ss_attack03,action01#eff:me:3:attack03_sf,soundEff:sound_naturem:1,soundEff:sound_yj_Atk_03:1||action02#shoot:attack02_fx:meWar_4:enemyWar_2:2200,soundEff:sound_flying:1|wait:1200|over,,1,,4,5,2,1.63,0.45,0,0,1,2,1,1,0,,,comboCard,=,50403,damagePro:0.5,10001
50501,ウィークネス,遠距離単体攻撃。<color=#66FF00>「ヘッドスタート」</c>と組み合わせると、ダメージが<color=#66FF00>20%</c>増加。,icon_skill_50501,ss_light,ss_mz_01,hitSound:sound_bluntbeat:1,ss_attack01,action01#eff:me:3:attack01_sf,soundEff:sound_holylight:1,soundEff:sound_yj_Atk_05:1||action02#shoot:attack01_fx:meWar_4:enemyWar_2:2200,soundEff:sound_shotarrow:1|wait:600|over,,1,,5,5,1,1,0.37,0,0,1,1,0,,,comboCard,=,50503,damagePro:0.2,10001
50502,パワーフォーカス,遠距離単体攻撃。<color=#FF8000>最も遠い</c>敵を優先的に攻撃。,icon_skill_50502,ss_light,ss_mz_01,hitSound:sound_bluntbeat:1,ss_attack02,action01#eff:me:3:attack02_sf,soundEff:sound_holylight:1,soundEff:sound_yj_Atk_05:1||action02#shoot:attack02_fx:meWar_4:enemyWar_2:2200,soundEff:sound_firefly:1|wait:600|over,,1,,5,5,2,1.2,0.5,0,0,1,5,1,2,0,,,,,10001
50503,ヘッドスタート,攻撃力の<color=#66FF00>75%</c>のシールドを獲得。,icon_skill_50503,ss_light,ss_mz_01,hitSound:sound_bluntbeat:1,ss_cast,action01#eff:me:3:cast_sf,soundEff:sound_holylight:1|over,,,,5,5,1,0,1.3,0,0,1,1,0,,,,,10001
50504,シャイニングアロー,遠距離単体攻撃。<color=#66FF00>3体</c>以上の味方がいると、クリティカル率が<color=#66FF00>30%</c>、ダメージが<color=#66FF00>30%</c>増加。,icon_skill_50504,ss_light,ss_mz_01,hitSound:sound_bluntbeat:1,ss_attack03,action01#eff:me:3:attack03_sf,soundEff:sound_yj_Atk_05:1||action02#shoot:attack02_fx:meWar_4:enemyWar_2:2200,soundEff:sound_flying:1|wait:1200|over,,1,,5,5,2,1.83,0.25,0,0,1,1,0,,,friendNum,>,2,crit:0.3,damagePro:0.3,10001
50511,クリスマス・ファイアワーク,遠距離単体攻撃。最も速い敵を優先的に攻撃。<color=#ff3535>\"マークIII\"</c>と<color=#ff3535>\"バーンII\"</c>状態を付与。,icon_skill_50511,ss_Christmas,ss_mz_01,hitSound:sound_bluntbeat:1,ss_attack01,action01#eff:me:3:attack01_sf,soundEff:sound_holylight:1,soundEff:sound_yj_Atk_05:1||action02#shoot:attack01_fx:meWar_4:enemyWar_2:2200,soundEff:sound_shotarrow:1|wait:600|over,,1,,5,5,1,0.9,0.2,0,0,1,3,1,1,0,,22703,22002,,,10001
50512,光を集める矢,遠距離単体攻撃。HPが最も低い敵を優先して攻撃する。敵に<color=#ff3535>\"ヒールロックIII\"</c>状態を付与。マーク状態の敵に与えるダメージが<color=#66FF00>50%</c>増加。,icon_skill_50512,ss_Christmas,ss_mz_01,hitSound:sound_bluntbeat:1,ss_attack02,action01#eff:me:3:attack02_sf,soundEff:sound_holylight:1,soundEff:sound_yj_Atk_05:1||action02#shoot:attack02_fx:meWar_4:enemyWar_2:2200,soundEff:sound_firefly:1|wait:600|over,,1,,5,5,2,1.1,0.32,0,0,1,3,1,2,0,,22803,targetDeBuffGroup,=,27,damagePro:0.5,10001
50513,グロウ・オブ・ライト,攻撃力の<color=#66FF00>80%</c>のシールドを獲得。味方全員に<color=#FFFF66>\"シェルターIII\"</c>状態を付与。,icon_skill_50513,ss_Christmas,ss_mz_01,hitSound:sound_bluntbeat:1,ss_cast,action01#eff:me:3:cast_sf,soundEff:sound_holylight:1|over,,,,5,5,0,0,0.8,0,0,0,0,7,10703,,,,10001
50514,アローオブスターライト,遠距離単体攻撃。敵のHPが<color=#66FF00>70%</c>以下の場合、ダメージが<color=#66FF00>50%</c>増加。,icon_skill_50514,ss_Christmas,ss_mz_01,hitSound:sound_bluntbeat:1,ss_attack03,action01#eff:me:3:attack03_sf,soundEff:sound_yj_Atk_05:1||action02#shoot:attack02_fx:meWar_4:enemyWar_2:2200,soundEff:sound_flying:1|wait:1200|over,,1,,5,5,3,1.82,0.24,0,0,1,1,0,,,hpPercent,<,0.7,damagePro:0.5,10001
50601,サクリファイス,遠距離単体攻撃。<color=#66FF00>「サーチ」</c>と組み合わせると、クリティカル率が<color=#66FF00>30%</c>増加。,icon_skill_50601,ss_dark,ss_mz_01,hitSound:sound_bluntbeat:1,ss_attack01,action01#eff:me:3:attack01_sf,soundEff:sound_yj_Atk_04:1||action02#shoot:attack01_fx:meWar_4:enemyWar_2:2200,soundEff:sound_shotarrow:1|wait:600|over,,1,,6,5,1,1.37,0,0,0,1,1,0,,,comboCard,=,50603,crit:0.3,10001
50602,バトルフォーカス,遠距離単体攻撃。<color=#66FF00>「サーチ」</c>と組み合わせると、ダメージが<color=#66FF00>30%</c>増加。,icon_skill_50602,ss_dark,ss_mz_01,hitSound:sound_bluntbeat:1,ss_attack02,action01#eff:me:3:attack02_sf,soundEff:sound_darkadd:1,soundEff:sound_yj_Atk_04:1||action02#shoot:attack02_fx:meWar_4:enemyWar_2:2200,soundEff:sound_firefly:1|wait:600|over,,1,,6,5,2,1.7,0,0,0,1,1,0,,,comboCard,=,50603,damagePro:0.3,10001
50603,サーチ,攻撃力の<color=#66FF00>75%</c>のシールドを獲得。,icon_skill_50603,ss_dark,ss_mz_01,hitSound:sound_bluntbeat:1,ss_cast,action01#eff:me:3:cast_sf,soundEff:sound_darkadd:1|over,,,,6,5,1,0,0.75,0,0,1,3,1,3,0,,,,,10001
50604,ゴーストアロー,遠距離単体攻撃。<color=#FF8000>最も遠い</c>敵を優先的に攻撃。 敵のHPが<color=#66FF00>80%</c>以上の場合、クリティカル率が<color=#66FF00>50%</c>、ダメージが<color=#66FF00>30%</c>増加。,icon_skill_50604,ss_dark,ss_mz_01,hitSound:sound_bluntbeat:1,ss_attack03,action01#eff:me:3:attack03_sf,soundEff:sound_yj_Atk_04:1||action02#shoot:attack02_fx:meWar_4:enemyWar_2:2200,soundEff:sound_flying:1|wait:1200|over,,1,,6,5,2,2.08,0,0,0,1,5,1,2,0,,,hpPercent,>,0.8,crit:0.5,damagePro:0.3,10001
60101,バッファリング,攻撃力の<color=#66FF00>130%</c>のシールドを獲得。,icon_skill_60101,tk_water,tk_mz_01,hitSound:sound_bluntbeat:1,t_cast,action01#eff:me:3:cast_sf1|over,,,,1,6,1,0,1.3,0,1,1,0,3,1,2,,,,,10001
60102,ウォーターディバージョン,攻撃力の<color=#66FF00>162%</c>のシールドを獲得。,icon_skill_60102,tk_water,tk_mz_01,hitSound:sound_bluntbeat:1,t_cast,action01#eff:me:3:cast_sf2|over,,,,1,6,2,0,1.62,0,1,1,0,1,,,,,10001
60103,ファーストエイド,攻撃力の<color=#66FF00>162%</c>のシールドを獲得。,icon_skill_60103,tk_water,tk_mz_01,hitSound:sound_bluntbeat:1,t_cast,action01#eff:me:3:cast_sf3|over,,,,1,6,2,0,1.62,0,1,1,0,1,,,,,10001
60104,ウォーターブラスト,近接単体攻撃。<color=#66FF00>水属性</c>カードが<color=#FF8000>コンボ</c>を与えたとき、<color=#66FF00>50%</c>の追加ダメージを与える。,icon_skill_60104,tk_water,tk_mz_01,hitSound:sound_bluntbeat:1,t_attack03,action01#eff:me:3:attack03_sf|move:me:me:3:0:0:1200|over,move:me:enemy:3:300:0:1100,3,,1,6,2,1.4,0.58,0,1,1,1,0,,,comboDestiny,=,1,damagePro:0.5,10001
60201,リグループ,近接単体攻撃。キャラクターが<color=#FF8000>最後</c>に攻撃した時、<color=#66FF00>50%</c>の追加ダメージを与える。,icon_skill_60201,tk_fire,tk_mz_01,hitSound:sound_firebeat:1,t_attack01,action01#eff:me:3:attack01_sf|move:me:me:3:0:0:1200|over,move:me:enemy:3:200:0:1100,1,,2,6,1,0.9,0.4,0,1,1,1,0,,,speedOrder,=,1,damagePro:0.5,10001
60202,ピロフィリア,近接単体攻撃。<color=#66FF00>「レイジ」</c>と組み合わせると、ダメージが<color=#66FF00>10%</c>増加する。,icon_skill_60202,tk_fire,tk_mz_01,hitSound:sound_firebeat:1,t_attack02,action01#eff:me:3:attack02_sf|move:me:me:3:0:0:1200|over,move:me:enemy:3:150:0:1100,2,,2,6,2,1.3,0.32,0,1,1,1,0,,,comboCard,=,60203,damagePro:0.1,10001
60203,レイジ,攻撃力の<color=#66FF00>162%</c>のシールドを獲得。,icon_skill_60203,tk_fire,tk_mz_01,hitSound:sound_firebeat:1,t_cast,action01#eff:me:3:cast_sf|over,,,,2,6,2,0,1.62,0,1,1,0,1,,,,,10001
60204,ブラッドオブブラッド,近接単体攻撃。味方がこのマスター<color=#66FF00>1体</c>の時、ダメージが<color=#66FF00>100%</c>増加。,icon_skill_60204,tk_fire,tk_mz_01,hitSound:sound_firebeat:1,t_attack03,action01#eff:me:3:attack03_sf|move:me:me:3:0:0:1200|over,move:me:enemy:3:300:0:1100,3,,2,6,2,1.85,0.13,0,1,1,1,0,,,friendNum,<,2,damagePro:1,10001
60301,エナジーチャージ,攻撃力の<color=#66FF00>130%</c>のシールドを獲得。,icon_skill_60301,tk_thunder,tk_mz_01,hitSound:sound_lightningbeat:1,t_cast,action01#eff:me:3:cast_sf1,soundEff:sound_lightning:1|over,,,,3,6,1,0,1.3,0,1,1,0,1,,,,,30301
60302,マグネットフィールド,攻撃力の<color=#66FF00>162%</c>のシールドを獲得。,icon_skill_60302,tk_thunder,tk_mz_01,hitSound:sound_lightningbeat:1,t_cast,action01#eff:me:3:cast_sf2,soundEff:sound_lightning:1|over,,,,3,6,2,0,1.62,0,1,1,0,1,,,,,30302
60303,センチネル,攻撃力の<color=#66FF00>162%</c>のシールドを獲得。,icon_skill_60303,tk_thunder,tk_mz_01,hitSound:sound_lightningbeat:1,t_cast,action01#eff:me:3:cast_sf3,soundEff:sound_lightning:1|over,,,,3,6,2,0,1.62,0,1,1,0,1,,,,,30303
60304,サンダーブレイク,近接単体攻撃。キャラクターが<color=#FF8000>最後</c>に攻撃した時、<color=#66FF00>50%</c>の追加ダメージを与える。,icon_skill_60304,tk_thunder,tk_mz_01,hitSound:sound_lightningbeat:1,t_attack02,action01#eff:me:3:attack02_sf|move:me:me:3:0:0:1200|over,move:me:enemy:3:300:0:1100,3,,3,6,2,1.75,0.23,0,1,1,1,0,,,speedOrder,=,1,damagePro:0.5,30304
60401,イモウバル,攻撃力の<color=#66FF00>130%</c>のシールドを獲得する。,icon_skill_60401,tk_nature,tk_mz_01,hitSound:sound_throw:1,t_cast,action01#eff:me:3:cast_sf01|over,,,,4,6,1,0,1.3,0,1,1,0,1,,,friendNum,>=,2,,10001
60402,ウェイトチャンス,攻撃力の<color=#66FF00>132%</c>のシールドを獲得する。,icon_skill_60402,tk_nature,tk_mz_01,hitSound:sound_throw:1,t_cast,action01#eff:me:3:cast_sf02|over,,,,4,6,2,0,1.32,0,1,1,0,1,,,,,10001
60403,ディスデイン,攻撃力の<color=#66FF00>162%</c>のシールドを獲得する。,icon_skill_60403,tk_nature,tk_mz_01,hitSound:sound_throw:1,t_cast,action01#eff:me:3:cast_sf03|over,,,,4,6,2,0,1.62,0,1,1,0,1,,,,,10001
60404,アースクエイク,近接単体攻撃。<color=#66FF00>「ウェイトチャンス」</c>と組み合わせるとダメージが<color=#66FF00>100%</c>増加。,icon_skill_60404,tk_nature,tk_mz_01,hitSound:sound_throw:1,t_attack02,action01#eff:me:3:attack02_sf|move:me:me:3:0:0:1200|over,move:me:enemy:3:300:0:1100,3,,4,6,2,1.5,0.65,0,1,1,1,0,,,comboCard,=,60402,damagePro:1,10001
60501,ライトストライク,近接単体攻撃。,icon_skill_60501,tk_light,tk_mz_01,hitSound:sound_bluntbeat:1,t_attack01,action01#eff:me:3:attack01_sf|move:me:me:3:0:0:1200|over,move:me:enemy:3:200:0:1100,1,,5,6,1,0.9,0.1,0,1,1,1,0,,,,,10001
60502,デコイ,近接単体攻撃。味方が</c>2人</c>以下の時、ダメージが<color=#66FF00>20%</c>増加。,icon_skill_60502,tk_light,tk_mz_01,hitSound:sound_bluntbeat:1,t_attack02,action01#eff:me:3:attack02_sf|move:me:me:3:0:0:1200|over,move:me:enemy:3:150:0:1100,2,,5,6,2,0.9,0.72,0,1,1,1,0,,,friendNum,<,2,damagePro:0.2,10001
60503,ライトシールド,攻撃力の<color=#66FF00>162%</c>のシールドを獲得。,icon_skill_60503,tk_light,tk_mz_01,hitSound:sound_bluntbeat:1,t_cast,action01#eff:me:3:cast_bx3,soundEff:sound_holylight:1,soundEff:sound_nhz_Atk_01:1|over,,,,5,6,2,0,1.62,0,1,1,0,1,,,,,10001
60504,ドミネーションライト,近接単体攻撃。<color=#66FF00>「ライトストライク」</c>と組み合わせると、ダメージが<color=#66FF00>50%</c>増加。,icon_skill_60504,tk_light,tk_mz_01,hitSound:sound_bluntbeat:1,t_attack03,action01#eff:me:3:attack03_sf|move:me:me:3:0:0:1200|over,move:me:enemy:3:300:0:1100,4,,5,6,2,1.5,0.39,0,1,1,1,0,,,comboCard,=,60501,damagePro:0.5,10001
60601,パーシビアランス,攻撃力の<color=#66FF00>130%</c>のシールドを獲得。,icon_skill_60601,tk_dark,tk_mz_01,hitSound:sound_bluntbeat:1,t_cast,action01#eff:me:3:cast_sf01|over,,,,6,6,1,0,1.3,0,1,1,0,1,,,,,10001
60602,メナシング,攻撃力の<color=#66FF00>162%</c>のシールドを獲得。,icon_skill_60603,tk_dark,tk_mz_01,hitSound:sound_bluntbeat:1,t_cast,action01#eff:me:3:cast_sf02|over,,,,6,6,2,0,1.62,0,1,1,0,1,,,,,10001
60603,ダークフィールド,攻撃力の<color=#66FF00>162%</c>のシールドを獲得。,icon_skill_60602,tk_dark,tk_mz_01,hitSound:sound_bluntbeat:1,t_cast,action01#eff:me:3:cast_sf03|over,,,,6,6,2,0,1.62,0,1,1,0,1,,,,,10001
60604,アンダーカレントアタック,近接単体攻撃。<color=#66FF00>「ダークフィールド」</c>と組み合わせると、ダメージが<color=#66FF00>100%</c>増加。,icon_skill_60604,tk_dark,tk_mz_01,hitSound:sound_bluntbeat:1,t_attack02,action01#eff:me:3:attack02_sf|move:me:me:3:0:0:1200|over,move:me:enemy:3:300:0:1100,3,,6,6,2,1.89,0,0,1,1,1,0,,,comboCard,=,60603,damagePro:1,10001
70001,クロー,近接単体攻撃。,icon_skill_70001,shilaimu_eft,shilaimu_mz,hitSound:sound_bluntbeat:1,attack01,action01#eff:me:3:shilaimu_sf|move:me:me:3:0:0:1200|over,move:me:enemy:3:150:0:1000,1,2,1,1,0,1,0.15,0,1,1,1,0,,,,,
70002,マジックアロー,遠距離単体攻撃。<color=#FF8000>HPが最も低い</c>敵を優先して攻撃。,icon_skill_70002,anjingling_fx,mz,hitSound:sound_magicboom:1,attack01,action01#shoot:fx:meWar_4:enemyWar_2:1200,soundEff:sound_darkfly:1|wait:600|over,,1,,6,1,0,1.1,0,0,0,1,3,1,3,0,,,,,
70003,ブリスターボム,遠距離単体攻撃。<color=#FF8000>チェイン</c>が発生した時、ダメージが<color=#66FF00>10%</c>増加。,icon_skill_70003,duocaishilaimu_eft,duocaisilaimu_mz,hitSound:sound_bluntbeat:1,attack01,action01#eff:me:3:duocaisilaimu_sf||action02#shoot:duocaisilaimu_fx:meWar_4:enemyWar_3:1200|wait:600|over,,1,2,1,1,0,1,0.15,0,1,1,1,0,,,linkNum,>=,2,damagePro:0.1,
70004,スローイングアタック,遠距離単体攻撃。,icon_skill_70004,haluo_eft,haluo_mz,hitSound:sound_bluntbeat:1,attack01,action01#eff:me:3:haluo_sf|soundEff:sound_monster01:1||action02#shoot:haluo_fx:meWar_4:enemyWar_3:1200|wait:600|over,,1,3,4,1,0,1,0.15,0,0,1,1,0,,,,,
70005,ハンマー,近接単体攻撃。<color=#66FF00>木属性</c>カードで<color=#FF8000>コンボ</c>が発生した場合、<color=#66FF00>30%</c>の追加ダメージを与える。,icon_skill_70005,shitouren_eft,shitouren_mz,hitSound:sound_bluntbeat:1,attack01,action01#eff:me:3:shitouren_sf|move:me:me:3:0:0:1200|over,move:me:enemy:3:150:0:1000,2,3,4,1,0,0.8,0.75,0,1,1,1,0,,,comboDestiny,=,4,damagePro:0.3,
70006,マッシュルームスロー,遠距離単体攻撃。,icon_skill_70006,kingofshilaimu_eft,attack01_mz,hitSound:sound_bluntbeat:1,attack01,action01#shoot:attack01_fx:meWar_3:enemyWar_3:1|wait:600|over,,1,3,4,1,0,0.8,0.55,0,0,1,1,0,,,,,
70007,ヴェノムショット,遠距離単体攻撃。,icon_skill_70007,kingofshilaimu_eft,attack02_mz,hitSound:sound_bluntbeat:1,attack02,action01#eff:enemy:2:attack02_mz,soundEff:sound_holylaser:1|wait:1000|over,,1,3,4,1,0,1,0.15,0,0,1,1,0,,,,,
70008,ローリング,全体攻撃。3枚以上のカードで<color=#FF8000>チェイン</c>が発生した時、<color=#66FF00>30%</c>の追加ダメージを与える。,icon_skill_70008,kingofshilaimu_eft,attack03_mz,hitSound:sound_bluntbeat:1,attack03,action01#playHurt|wait:150|playHurt|move:me:me:3:0:0:1200|over,move:me:enemyAll:3:600:-50:700,2,3,4,1,0,0.4,0.1,0,1,0,7,0,,,linkNum,>=,3,damagePro:0.3,
70009,ダークサイクロン,遠距離単体攻撃。<color=#66FF00>闇属性</c>カードで<color=#FF8000>コンボ</c>が発生した場合、<color=#66FF00>30%の追加ダメージを与える。,icon_skill_70009,xiaoyemo_eft,mz,hitSound:sound_kLight_01:1,attack01,action01#shoot:fx:meWar_3:enemyWar_3:0.3,soundEff:sound_wind:1|wait:600|over,,1,3,6,1,0,1,0.15,0,0,1,1,0,,,comboDestiny,=,6,damagePro:0.3,
70010,ウォータープレス,近接単体攻撃。<color=#FF8000>チェイン</c>が発生した場合、<color=#FF8000>30%</c>の追加ダメージを与える。,icon_skill_70010,yelaimu_eft,shilaimu_mz,hitSound:sound_bluntbeat:1,attack01,action01#playHurt|wait:700|move:me:me:3:0:0:1200|over,move:me:enemy:3:150:0:1000,1,2,6,1,0,1,0.3,0,1,1,1,0,,,linkNum,>=,2,damagePro:0.3,
70011,ビートルアタック,近接単体攻撃。,icon_skill_70011,monster_eft,mz04_zzg,hitSound:sound_bluntbeat:1,attack01,mz#playHurt|wait:700|move:me:me:3:0:0:1200|over,move:me:enemy:3:150:0:1000,1,2,6,3,0,1,0.3,0,1,1,1,0,,,,,
70012,カオスブレード,近接単体攻撃。,icon_skill_70012,monster_eft,mz01_xiaoyemo,hitSound:sound_bluntbeat:1,attack01,mz#playHurt|wait:700|move:me:me:3:0:0:1200|over,move:me:enemy:3:150:0:1000,1,2,6,1,0,1,0.3,0,1,1,1,0,,,,,
70013,スラッシング,近接単体攻撃。,icon_skill_70013,monster_eft,mz02_yelaimu,hitSound:sound_bluntbeat:1,attack01,mz#playHurt|wait:700|move:me:me:3:0:0:1200|over,move:me:enemy:3:150:0:1000,1,2,6,1,0,1,0.3,0,1,1,1,0,,,,,
70014,マジックアロー,遠距離単体攻撃。<color=#FF8000>最も遠い</c>敵を優先的に攻撃。,icon_skill_70014,monster_eft,mz05_yinghuo,hitSound:sound_magicboom:1,attack01,fx#shoot:fx03_anjingling:meWar_2:enemyWar_2:1200,soundEff:sound_darkfly:1|wait:600|over,,1,2,6,2,0,1.1,0.2,0,0,1,5,1,2,0,,,,,
70015,インパクト,近接単体攻撃。,icon_skill_70015,monster_eft,mz07_silaimu,hitSound:sound_bluntbeat:1,attack02,mz#playHurt|wait:700|move:me:me:3:0:0:1200|over,move:me:enemy:3:150:0:1000,1,2,6,6,0,1.2,0.5,0,1,1,1,0,,,,,
70016,サイキック・スロー,<color=#FF8000>最もHPが少ない</c>敵を優先的に攻撃。,icon_skill_70016,monster_eft,mz07_silaimu,hitSound:sound_magicboom:1,attack01,fx#shoot:fx06_shimengzhe:meWar_4:enemyWar_2:1.5,soundEff:sound_wind:1|wait:600|over,,1,2,6,5,0,1.5,0.3,0,0,1,3,1,3,0,,,,,
70017,スラップ,近接単体攻撃。,icon_skill_70017,monster_eft,mz07_silaimu,hitSound:sound_bluntbeat:1,attack01,mz#playHurt|wait:700|move:me:me:3:0:0:1200|over,move:me:enemy:3:150:0:1000,1,2,1,1,0,1,0.5,0,1,1,1,0,,,,,
70018,ダークインパクト,遠距離単体攻撃。,icon_skill_70018,monster_eft,mz10_moshengzhiying,hitSound:sound_bluntbeat:1,attack01,action01#eff:enemy:2:bx01_moshengzhiying|wait:1500|over,,1,2,6,4,0,1.8,0.6,0,0,1,1,0,,,,,
70019,ダークエネルギー,遠距離単体攻撃。,icon_skill_70019,monster_eft,mz10_moshengzhiying,hitSound:sound_bluntbeat:1,attack02,action01#shoot:fx04_moshengzhiying:meWar_2:enemyWar_2:1200,soundEff:sound_darkfly:1|wait:600|over,,1,2,6,4,0,1.5,0.6,0,0,1,1,0,,,,,
70020,レーザー,近接単体攻撃。,icon_skill_70020,monster_mz_b,mz12_paidaxing,hitSound:sound_lightningbeat:1,attack01,mz#eff:enemy:2:fx08_laser spider|move:me:me:3:0:0:1200|over,move:me:enemy:3:750:0:1000,1,2,3,5,0,1,0.3,0,1,1,1,0,,,,,
70021,ストレイフ,遠距離単体攻撃。,icon_skill_70021,monster_eft,mz09_shitouren,hitSound:sound_kLight_01:1,attack01,mz#playHurt|wait:1000|over,,1,2,2,5,0,1,0.3,0,0,1,1,0,,,,,
70023,ライトニング,近接単体攻撃。,icon_skill_70023,monster_mz_b,fx_lightingball,hitSound:sound_lightningbeat:1,attack01,mz#playHurt|wait:700|move:me:me:3:0:0:1200|over,move:me:enemy:3:750:0:1000,1,2,3,5,0,1,0.3,0,1,1,1,0,,,,,
70024,インフェルノストライク,近接単体攻撃。,icon_skill_70024,monster_eft,mz08_haluo,hitSound:sound_bluntbeat:1,attack01,mz#playHurt|wait:700|move:me:me:3:0:0:1200|over,move:me:enemy:3:150:0:1000,1,2,2,5,0,1,0.3,0,1,1,1,0,,,,,
70025,シャーク ソード,近接単体攻撃。,icon_skill_70025,monster_mz_b,mz12_paidaxing,hitSound:sound_bluntbeat:1,attack01,mz#playHurt|wait:700|move:me:me:3:0:0:1200|over,move:me:enemy:3:200:0:1000,1,2,1,1,0,1,0.3,0,1,1,1,0,,,,,
70026,ウィンドスラッシュ,近接単体攻撃。,icon_skill_70026,monster_mz_b,mz12_paidaxing,hitSound:sound_bluntbeat:1,attack02,mz#playHurt|wait:700|move:me:me:3:0:0:1200|over,move:me:enemy:3:200:0:1000,1,2,1,1,0,1,0.3,0,1,1,1,0,,,,,
70027,スティッキーテンタクル,近接単体攻撃。,icon_skill_70027,monster_mz_b,mz_water2,hitSound:sound_bluntbeat:1,attack01,mz#playHurt|wait:700|move:me:me:3:0:0:1200|over,move:me:enemy:3:200:0:1000,1,2,1,2,0,1,0.3,0,1,1,1,0,,,,,
70028,フライングスター,遠距離単体攻撃。,icon_skill_70028,monster_mz_b,mz_water,hitSound:sound_bluntbeat:1,attack02,mz#shoot:fx07_paidaxing:meWar_2:enemyWar_2:0.5,soundEff:sound_flying:1|wait:600|over,,1,2,1,2,0,1,0.3,0,1,1,1,0,,,,,
70029,ウォータークリティカル,遠距離単体攻撃。,icon_skill_70029,monster_mz_b,mz_water2,hitSound:sound_bluntbeat:1,attack01,mz#shoot:fx05_shuiyao:meWar_2:enemyWar_2:0.5,soundEff:sound_flying:1|wait:600|over,,1,2,1,2,0,1,0.3,0,1,1,1,0,,,,,
70030,ウォータースパイラル,遠距離単体攻撃。,icon_skill_70030,monster_mz_b,mz_water,hitSound:sound_bluntbeat:1,attack02,mz#eff:enemy:2:bx02_shuiyao|wait:1500|over,,1,3,1,2,0,1,0.3,0,1,1,1,0,,,,,
70031,ジェリーフィッシュ,近接単体攻撃。,icon_skill_70031,monster_mz_b,mz_water,hitSound:sound_kLight_01:1,attack01,mz#playHurt|wait:700|move:me:me:3:0:0:1200|over,move:me:enemy:3:150:0:1000,1,2,1,2,0,1,0.3,0,1,1,1,0,,,,,
70032,シーペスト,遠距離単体攻撃。,icon_skill_70032,monster_mz_b,mz_water2,hitSound:sound_Waterb:1,attack02,mz#eff:enemy:2:bx_seasuffer|wait:1500|over,,5,3,1,5,0,1,0.3,0,1,1,1,0,,,,,
